title,score,id,url,created,num_comments,body,sentiment_score,tickers
"What Are Your Moves Tomorrow, December 19, 2024",58,1hhbkln,https://www.reddit.com/r/wallstreetbets/comments/1hhbkln/what_are_your_moves_tomorrow_december_19_2024/,1734555435.0,1632,This post contains content not supported on old Reddit. [Click here to view the full post](https://sh.reddit.com/r/wallstreetbets/comments/1hhbkln),0.0,
Amazon Delays â€˜Return to Workâ€™ For Thousands Because They Cancelled Too Many Office Leases and Forgot to Find New Space,4429,1hh6ywh,https://www.bloomberg.com/news/articles/2024-12-18/amazon-delays-return-to-office-mandate-for-thousands-of-workers,1734543549.0,234,,-0.0772,
Rip to millions of portfolios today ðŸ•Šï¸ðŸ’” ,1021,1hham6a,https://i.redd.it/fh9vueae0o7e1.jpeg,1734552926.0,249,,0.2732,
We get it buddy ,948,1hh9ogv,https://i.redd.it/hfw51lz8tn7e1.jpeg,1734550524.0,132,,0.0,
"Stock prices from Aug 17, 1937.",3033,1hh1h26,https://www.reddit.com/gallery/1hh1h26,1734528169.0,424,Found a paper in a wall during a remodel.,0.0,
Federal Reserve cuts its key rate by a quarter-point but envisions fewer reductions next year,254,1hha44v,https://apnews.com/article/federal-reserve-inflation-loan-rates-economy-prices-7474747d890c0fdcc87454fd4c80aaa4,1734551645.0,74,,-0.1531,
Well someone stole xmas againâ€¦,226,1hhasb3,https://i.redd.it/1wk240oq1o7e1.jpeg,1734553378.0,39,"Thank you for a miserable xmas jpow. 
ðŸ¥­ was right you should retire boomer",0.2732,
"I YOLOâ€™d $35,000 in Credit Card Debt at 0% into Bitcoin @ $44,000",9179,1hgqd34,https://www.reddit.com/gallery/1hgqd34,1734485133.0,967,"Along with $15,000 of my own funds

0% expires in 2/25 ($6,000) rest 09/25

may pay back my debt, may not",0.0258,I
"I YOLOâ€™d $35,000 in Credit Card Debt at 0% into Bitcoin @ $44,000",9179,1hgqd34,https://www.reddit.com/gallery/1hgqd34,1734485133.0,967,"Along with $15,000 of my own funds

0% expires in 2/25 ($6,000) rest 09/25

may pay back my debt, may not",0.0258,YOLO
Held it til I got my first 50 bagger,605,1hh3ann,https://i.redd.it/px90ozoafm7e1.jpeg,1734533723.0,99,,0.0,I
SOUN GAINZZZ 2.7k->79k,297,1hh7t7c,https://i.redd.it/gp7hmnqxen7e1.jpeg,1734545712.0,60,"Opened in September when it was around $4.60ish 

Sold 3 of the 6 call earlier to break even a few months ago.

Thinking of just exercising the $6 calls and letting it ride long. 


2.7k ->79k so far",0.0,SOUN
Federal Reserve issues FOMC statement,189,1hh939e,https://www.federalreserve.gov/newsevents/pressreleases/monetary20241218a.htm,1734548993.0,97,,0.0,FOMC
im dead inside,90,1hhboxd,https://i.redd.it/lgtlpadq8o7e1.jpeg,1734555729.0,29,,-0.6486,
How are multiple tailwinds hitting GOOG at the same time? (image walkthrough),421,1hh0aue,https://www.reddit.com/gallery/1hh0aue,1734524138.0,115,,0.0,GOOG
$190k in one week - $TSLA,181,1hh5pof,https://www.reddit.com/gallery/1hh5pof,1734540299.0,46,"I know I said I was done yesterday, but ended up bagging another $52k this morning. $42k in individual, $10k in my Roth. If I held all three positions through the current shreck log (tsla currently at $486.21) this wouldâ€™ve easily been $200k+. Oh well, canâ€™t complain I guess. I should call Fidelity and ask them to disable options but Iâ€™ll probably see you degens tomorrow cheers and good luck everyone",0.0,$TSLA
"If Bitcoin falls below $23,000, MicroStrategy will be forced to liquidate all of its BTC holdings and file for bankruptcy lol",12526,1hgikor,https://www.reddit.com/r/wallstreetbets/comments/1hgikor/if_bitcoin_falls_below_23000_microstrategy_will/,1734463576.0,2357,"The price was below that just a year ago, so this scenario isnâ€™t far-fetched. In fact, I believe it will happen. MicroStrategy is a massive fraud that will collapse alongside Bitcoin.

There is some absolute f*ckery that is happening with these companies money printing against loans on crypto. Whenever his happens, the market catches up and people get annihilated.

There will be some kind of catalyst that plummets crypto, maybe some kind of quantum computer attack from a rogue nation or independent group of hackers, and crypto will crash extra hard this time because Saylor and these other delusional morons will have over leveraged so comically hard.",-0.0516,BTC
$5000 to $64000 in an hour and a half,76,1hhbgld,https://i.redd.it/qm7meho07o7e1.jpeg,1734555152.0,24,locked in to not be greedy,0.0,
NVDA GAIN GAIN,162,1hh4hc7,https://i.redd.it/cbgi0yf3pm7e1.jpeg,1734537022.0,25,nice run today. I bought at bottom yesterday. Just sold. Iâ€™m going back to sleep. ,0.7783,NVDA
NVDA GAIN GAIN,162,1hh4hc7,https://i.redd.it/cbgi0yf3pm7e1.jpeg,1734537022.0,25,nice run today. I bought at bottom yesterday. Just sold. Iâ€™m going back to sleep. ,0.7783,GAIN
Diversify your losses ðŸ’¯,60,1hhbt1u,https://i.redd.it/21ah4mil9o7e1.jpeg,1734556021.0,11,,-0.4019,
This should be repeated over and over again...,62,1hhaqxq,https://i.redd.it/cupzbb3a1o7e1.png,1734553280.0,5,,0.0,
Merck Snags Chinese Obesity Drug in Nearly $2 Billion Deal,99,1hh6nu1,https://www.bloomberg.com/news/articles/2024-12-18/merck-in-pact-for-chinese-obesity-drug-in-nearly-2-billion-deal,1734542745.0,10,,0.0,
"First big win, not much but Iâ€™m happy. Thanks to that wsb regard who posted the dd. ",132,1hh395l,https://i.redd.it/mhge4qtxem7e1.jpeg,1734533605.0,16,Got impatient and sold at $3.7. It touched $4.2 just after that. câ€™est la vie,0.9062,I
The future of Warfare | Palantir ,319,1hgy7nf,https://v.redd.it/jr839lblvk7e1,1734514991.0,120,,-0.296,
Financial markets: Text books vs. real life,9434,1hgdebw,https://i.redd.it/r3botk8vif7e1.jpeg,1734450196.0,282,,0.0,
"Daily Discussion Thread for December 18, 2024",212,1hgz61x,https://www.reddit.com/r/wallstreetbets/comments/1hgz61x/daily_discussion_thread_for_december_18_2024/,1734519430.0,17741,This post contains content not supported on old Reddit. [Click here to view the full post](https://sh.reddit.com/r/wallstreetbets/comments/1hgz61x),0.0,
JPow does NOT care about your calls.,29,1hhc05v,https://i.redd.it/ufnwyo92bo7e1.png,1734556534.0,5,,-0.3875,NOT
History Will Repeat Itself: A Bear Scenario that Will Likely Happen ,1174,1hgqaex,https://www.reddit.com/r/wallstreetbets/comments/1hgqaex/history_will_repeat_itself_a_bear_scenario_that/,1734484907.0,822,"This is long so if you donâ€™t want to or simply canâ€™t read, just type a stock WSB response like â€œhurr durr stonks only go upâ€ and move on.  If you have actual thoughts on what Iâ€™m saying or think Iâ€™m wrong, please share.  

To begin, we need to talk about what happened in 2018.  The market and Trumpâ€™s first administration were running smoothly.  Stonks only went up.  Then in 2018, they didnâ€™t.  Why?  A few factors.  First, Trump introduced tariffs on aluminum, steel, and other goods to try to make American companies a more viable alternative to China(sound familiar?).   This essentially created a trade war with China, and led to China showing much slower economic growth than expected.  This led to a 500 point drop in the Dow on global recession fears.  

Later in the year, a newly appointed(by Trump) chairman of the Fed, Jerome Powell, had a conference in December.  By that point, the Fed had already hiked interest rates 4 times that year.  Powell stated at that conference that the Fed would likely slow rate hikes in 2019, but the market did not buy that and fears of a recession set in.  The Dow dropped 350 points soon after.  Trump made remarks about firing Powell after this debacle, but backed off.  There were other factors at play, such as the Schiller PE being 33.31(it is currently at 38.55), but those two factors were likely the biggest.  

One more important point:  Trump is obsessed with the stock market.  My favorite story on this topic comes from the Covid era.  On Friday, March 13,  Trump brought the CEOâ€™s from a bunch of big players to the White House for a press conference.  He basically paraded them around, lauding how everything is going to be ok and Tim Apple is going to save us.  During this Friday afternoon circus, SPY ripped from 250 to 270 in an hour.  That night, Trump sent a signed copy of the chart from that day to Lou Dobbs to brag.   Then on the following Monday, we had another circuit breaker day as SPY tanked 11%.  

I tell you all this because history is going to repeat itself.  Trump has already touted 100% tariffs on fucking everything.  Whether he follows through with them, who knows.  He could just be using them as a threat to get leverage on trade deals.  But he has a precedent of using them, so I believe he will follow through.  His goal is to bring manufacturing back to the US, which is all well and good.  Jobs are good.  But one thing about manufacturing here as opposed to, say, India, is we arenâ€™t going to be ok with being paid $1.38 a day.  The cost in labor to produce here is not nearly as appealing as producing in Vietnam, Bangladesh, or any other country that uses what is essentially slave labor with zero worker protections and zero environmental regulations.  Additionally, it will take years for any company that does choose to manufacture here to get up and running, and who knows what the political environment will look like once Trump is gone.  

We are also set up for another war between Trump and Powell.  This one WILL 100% happen.  Although it came in as expected, the last CPI showed inflation increasing slightly after months of continuous decline.  The PPI, however, came in hotter than expected.  This is a huge problem.  The Fed will for sure cut tomorrow, and Powell will give his speech on using his tools and data and taking in information as it comes, but I promise you this cut is concerning for him.  They want that 2% target, and Trumpâ€™s hot economy is not going to let them get there.  The combination of Trump cutting every regulation and allowing companies to shit in our water supply, along with his 100% tariffs on some imports, WILL BRING INFLATION BACK.  If companies have to pay more to import the goods that they sell, they will pass those costs onto the consumer.  There is no other way about it.  I know his goal is to bring manufacturing back, but that will take a lot of time.  And in the meantime, equities will suffer as inflation rises, and the Fed is forced to embarrassingly increase rates again.  

What Iâ€™m interested to see is how the battle of Trump vs Powell plays out.  There have already been a few articles regarding Trump possibly firing Powell, to which he responded â€œI donâ€™t think soâ€, but heâ€™s a liar so I donâ€™t believe that.  Trump simply wants to be surrounded by yes men.  That is why he had the highest turnover of any administration in US history.  Honestly I think it just gets his dick hard to fire people, especially given â€œyouâ€™re firedâ€ was his trademark phrase from that stupid tv show.  Powell has said it is illegal for Trump to do so, and that he is not leaving under any circumstances.  Personally I think he hates Trump, and rightfully so.  

So this is my prediction.  Trump gets into office, and on day one announces regulation cuts and tariffs.  He gives tax breaks to companies that choose to bring jobs to the US, and so on.  He wants economic growth at any cost.  Markets react mixed because the tariffs are concerning.  We start to see inflation rise due to importing costs rising.  Then Powell and the Fed fight over raising rates to tame inflation, because higher rates = slower growth.  Where we go from there, Iâ€™m not sure.  If Trump does try to fire Powell and succeeds,  I think that will be an extremely concerning look.  Powell has done a fairly decent job of getting things under control, and has done a very good job of telegraphing the Fedâ€™s next moves.  The market hates uncertainty, and he knows that.  Trump firing him and installing a yes man will be extremely detrimental imo.  

So what do you think?  Will history repeat itself? ",0.0,A
Tesla put just bought 2 hrs ago,32,1hhayd7,https://i.redd.it/ub2bgm923o7e1.jpeg,1734553825.0,8,I bought puts before going back to sleepâ€¦. I didnâ€™t expect a big drop like that. ðŸ‘ï¸ ,0.0,
$GSAT CEO shits on $ASTS - Sets bear case at $461M/Month/Revenue,61,1hh66qr,https://www.reddit.com/r/wallstreetbets/comments/1hh66qr/gsat_ceo_shits_on_asts_sets_bear_case_at/,1734541519.0,43,"Globalstar CEO Paul Jacobs has been spreading his message that there is no demand for the type of direct-to-device satellite broadband $ASTS offers. And he offers his bear case.

In his CNBC interview on Friday, he cited Idirum and Qualcomm failures in the 90s as evidence that consumers won't pay for coverage away from cell towers - as if consumer expectations have not changed in the last 2 decades.

Yesterday heÂ [citesÂ ](https://www.pcmag.com/news/globalstar-ceo-isnt-convinced-people-will-pay-for-cellular-starlink)a study by GSM Association, which suggests only 32% of mobile subscribers would use the service, and they'd only be willing to pay up to 5% more in extra costs.

Quick math using the study he cited and data from Google gives us:

32% of 386M US subscribers currently paying an average $141/Month each = 123M people willing to pay $7.50 per month for satellite D2D. 50/50 revenue share with mobile operators leaves 123M x $3.75 = $461M/Month in revenue up for grabs. That's just the US.

$461M/Month revenue opportunity is his BEAR CASE lol.

Add in Canada, Europe, Africa, Japan, and the path to $1B/Month revenue for ASTS is easy to see.

ASTS current Mktcap: 7B

Prediction: Mktcap 150B by 2027

Positions:

* 2,400 shares @ $25
* Jan 27 leaps at $25 and $45

[Positions](https://preview.redd.it/xo4rcdxc2n7e1.png?width=3024&format=png&auto=webp&s=553be88d815a172a741f89f545036eea08a60dff)

",-0.4767,$ASTS
$GSAT CEO shits on $ASTS - Sets bear case at $461M/Month/Revenue,61,1hh66qr,https://www.reddit.com/r/wallstreetbets/comments/1hh66qr/gsat_ceo_shits_on_asts_sets_bear_case_at/,1734541519.0,43,"Globalstar CEO Paul Jacobs has been spreading his message that there is no demand for the type of direct-to-device satellite broadband $ASTS offers. And he offers his bear case.

In his CNBC interview on Friday, he cited Idirum and Qualcomm failures in the 90s as evidence that consumers won't pay for coverage away from cell towers - as if consumer expectations have not changed in the last 2 decades.

Yesterday heÂ [citesÂ ](https://www.pcmag.com/news/globalstar-ceo-isnt-convinced-people-will-pay-for-cellular-starlink)a study by GSM Association, which suggests only 32% of mobile subscribers would use the service, and they'd only be willing to pay up to 5% more in extra costs.

Quick math using the study he cited and data from Google gives us:

32% of 386M US subscribers currently paying an average $141/Month each = 123M people willing to pay $7.50 per month for satellite D2D. 50/50 revenue share with mobile operators leaves 123M x $3.75 = $461M/Month in revenue up for grabs. That's just the US.

$461M/Month revenue opportunity is his BEAR CASE lol.

Add in Canada, Europe, Africa, Japan, and the path to $1B/Month revenue for ASTS is easy to see.

ASTS current Mktcap: 7B

Prediction: Mktcap 150B by 2027

Positions:

* 2,400 shares @ $25
* Jan 27 leaps at $25 and $45

[Positions](https://preview.redd.it/xo4rcdxc2n7e1.png?width=3024&format=png&auto=webp&s=553be88d815a172a741f89f545036eea08a60dff)

",-0.4767,CEO
$GSAT CEO shits on $ASTS - Sets bear case at $461M/Month/Revenue,61,1hh66qr,https://www.reddit.com/r/wallstreetbets/comments/1hh66qr/gsat_ceo_shits_on_asts_sets_bear_case_at/,1734541519.0,43,"Globalstar CEO Paul Jacobs has been spreading his message that there is no demand for the type of direct-to-device satellite broadband $ASTS offers. And he offers his bear case.

In his CNBC interview on Friday, he cited Idirum and Qualcomm failures in the 90s as evidence that consumers won't pay for coverage away from cell towers - as if consumer expectations have not changed in the last 2 decades.

Yesterday heÂ [citesÂ ](https://www.pcmag.com/news/globalstar-ceo-isnt-convinced-people-will-pay-for-cellular-starlink)a study by GSM Association, which suggests only 32% of mobile subscribers would use the service, and they'd only be willing to pay up to 5% more in extra costs.

Quick math using the study he cited and data from Google gives us:

32% of 386M US subscribers currently paying an average $141/Month each = 123M people willing to pay $7.50 per month for satellite D2D. 50/50 revenue share with mobile operators leaves 123M x $3.75 = $461M/Month in revenue up for grabs. That's just the US.

$461M/Month revenue opportunity is his BEAR CASE lol.

Add in Canada, Europe, Africa, Japan, and the path to $1B/Month revenue for ASTS is easy to see.

ASTS current Mktcap: 7B

Prediction: Mktcap 150B by 2027

Positions:

* 2,400 shares @ $25
* Jan 27 leaps at $25 and $45

[Positions](https://preview.redd.it/xo4rcdxc2n7e1.png?width=3024&format=png&auto=webp&s=553be88d815a172a741f89f545036eea08a60dff)

",-0.4767,$GSAT
Ok here we go ,82,1hh3ptl,https://i.redd.it/ljqwbj8tim7e1.jpeg,1734534906.0,47,,0.296,
Spy going tits up Christmas edition ðŸŽ„,24,1hhbijw,https://i.redd.it/l9xtithf7o7e1.jpeg,1734555291.0,6,Iâ€™m sure weâ€™ll hear it all!,-0.2263,
Every now and then I get something right ,23,1hhbfpk,https://www.reddit.com/gallery/1hhbfpk,1734555083.0,10,I was convinced this morning that TSLA would tank post the fed meeting so I bought a single $450 put. Still down all time in this account but itâ€™s nice to do a triple up nonetheless ,0.0,I
40k Gain on PLTR $75P,19,1hhbjax,https://www.reddit.com/gallery/1hhbjax,1734555345.0,2,,0.5267,PLTR
"Half said calls, half said puts, so I bought both",20,1hhb0ss,https://v.redd.it/n9bztuml3o7e1,1734554011.0,4,,0.0,I
Sharing a Market Brief for today,34,1hh6ezb,https://www.reddit.com/r/wallstreetbets/comments/1hh6ezb/sharing_a_market_brief_for_today/,1734542111.0,4,"**ðŸŒ Market Overview:**

**ðŸ“ˆ U.S. Stock Futures:** Futures are trending higher ahead of the Federal Reserve's anticipated interest rate decision. The Dow Jones Industrial Average aims to end a nine-session losing streak, with S&P 500 and Nasdaq futures also rising.   


**ðŸ“° Top Stories:**

\- **ðŸ“‰ Federal Reserve Decision:** The Federal Open Market Committee is expected to announce a 0.25% cut to the federal-funds rate today, bringing it to a range of 4.25%-4.5%. Investors are keenly awaiting Fed Chair Jerome Powell's comments for insights into future monetary policy. 

\- **ðŸ¤– Nvidia's Rebound:** Nvidia's stock has risen by 3% in premarket trading after a recent four-day slump. Optimism about its new AI chips, despite earlier overheating concerns, has boosted sentiment. 

\- **ðŸš— Honda-Nissan Merger Talks:** Shares of Japanese automakers have surged following reports of merger discussions between Honda and Nissan. Nissan's shares jumped nearly 24%, while Honda's dipped by 3%.   


**ðŸ“Š Economic Indicators:**

\- **ðŸ›ï¸ Retail Sales:** December's retail sales numbers are being closely monitored, with early data suggesting robust holiday season spending. Analysts are optimistic about the impact on fourth-quarter GDP growth. 

\- **ðŸ“ˆ Investor Sentiment:** A recent survey indicates that investors have become ""super bullish"" in December, fuelled by optimism about the U.S. economy, the re-election of Donald Trump, and anticipated interest rate cuts. However, some analysts warn that such positioning could lead to potential underperformance of stocks.

  
**ðŸŒ Global Developments:**

\- **Japan's Market Rally:** The Nikkei 225 index surged 2% after positive merger discussions in the automotive sector and new fiscal stimulus announcements by the Japanese government. 

\- **ðŸ’° Bitcoin's Volatility:** Bitcoin has reached a new all-time high, recently surpassing $108,000, followed by a pullback last evening to under $105,000.

Happy trading folks! ",0.4215,
"Investors are so confident in stocks, they have a record low allocation to the safety of cash",24,1hh8sc1,https://i.redd.it/6ecvbeegmn7e1.png,1734548237.0,25,"The Bank of America Global Fund Manager Survey (FMS) for December shows Cash allocation levels fell to 3.9%, the lowest since 2021, triggering BofAâ€™s contrarian â€œsell signalâ€. 

Historically, cash levels this low have preceded -2.4% returns over one month for global equities (MSCI ACWI).

The average cash allocation level of participants in the Survey fell to 14% underweight â€“ an unprecedented shift in sentiment showing a ""super-bullish"" sentiment. 

Similar extreme confidence levels were last recorded in 2001, near the tail end of the dot-com bubble.",0.7019,
What the hell do I do with all this AMD?,599,1hgpqv8,https://www.reddit.com/r/wallstreetbets/comments/1hgpqv8/what_the_hell_do_i_do_with_all_this_amd/,1734483264.0,378,My grandfather bought a few hundred shares of AMD at its peak and then transferred all of them to me. Since then I have continued to buy the dip and buy the dip and buy the dip. He is telling me to get rid of the shit but I still have faith. Any semi intelligent input is welcome here. ,-0.6808,I
What the hell do I do with all this AMD?,599,1hgpqv8,https://www.reddit.com/r/wallstreetbets/comments/1hgpqv8/what_the_hell_do_i_do_with_all_this_amd/,1734483264.0,378,My grandfather bought a few hundred shares of AMD at its peak and then transferred all of them to me. Since then I have continued to buy the dip and buy the dip and buy the dip. He is telling me to get rid of the shit but I still have faith. Any semi intelligent input is welcome here. ,-0.6808,AMD
Help spy calls a lil too long,14,1hhbr09,https://i.redd.it/vq5rvwl59o7e1.jpeg,1734555872.0,5,,0.4019,
Is INTC a good risk?,75,1hgzvvh,https://www.reddit.com/r/wallstreetbets/comments/1hgzvvh/is_intc_a_good_risk/,1734522572.0,148,"- Valuation close to NAV (incl. intangibles)
- New CEO about to be appointed will bring a boost in morale
- Restructuring and cost reduction strategies already ongoing
- Intel 18A having promising performance numbers
- quality of chip comparable to that of AMD
- some bigger company might come in and buy

Worth the risk?
",0.2023,INTC
"Self-driving business grows 6x, Uber is clearly misplaced by the market and is on the verge of 50% upside",19,1hh99le,https://www.reddit.com/r/wallstreetbets/comments/1hh99le/selfdriving_business_grows_6x_uber_is_clearly/,1734549451.0,33,"Shares of Uber ( NYSE: UBER ) have fallen more than 30% from their October 2024 highs in just a few weeks on concerns that self-driving cars could eliminate intermediary services:

https://preview.redd.it/ncqr7mkton7e1.jpg?width=1080&format=pjpg&auto=webp&s=5be5fc6a2808eb552fe5efa419afcff986c0b184

While news such as Google's Waymo skipping Uber to enter the self-driving cab business in Miami is thought-provoking enough to make some investors uneasy, Uber's positioning as the â€œtransportation app for everyoneâ€ - an aggregator of all transportation needs for more than 160 million consumers - makes it an inevitable market platform for self-driving car companies. This makes it an inevitable market platform for self-driving car companies. Tesla and Google have deep pockets, but building a bilateral network of self-driving cabs from scratch would cost (and burn) tens of billions of dollars, take years to achieve scalable economics, and make it difficult to change customer behavior - despite the novelty of driverless cabs. Additionally, Uber has partnered with several AV providers to bring self-driving cabs to its platform:

https://preview.redd.it/i0vyye8yon7e1.jpg?width=1080&format=pjpg&auto=webp&s=f17b6075787a9b0dc4af67c37e0ebe7b6c46100c

From an economic standpoint, it makes more sense to partner with Uber as an AV supplier than to try to create demand on a new network of self-driving cabs with a limited and expensive AV fleet.



Now, in the past, Uber's leadership team has used self-driving cars as TAM extenders, which is the right thought process, as increased supply in the form of robo-taxis could potentially lower Uber's cost-per-mile, which in turn would push penetration and total bookings higher!

The growth of the self-driving car market will unfold over the next decade or two, so it seems premature to abandon Uber based on concerns about disintermediation. As long as Uber's business grows as planned, there's no reason to panic sell. On the contrary, Uber stock's recent decline has significantly improved its long-term risk/reward, with TQI's five-year expected compound annual growth rate for Uber jumping from \~16.1% to \~25.8%.



Based on forward-looking estimates, Uber's revenue will continue to grow at a healthy double-digit rate over the next five years:



https://preview.redd.it/y0bde0y4pn7e1.jpg?width=1080&format=pjpg&auto=webp&s=4e92a4ff9d1b41574336c2d841cbb17ce75c5bdf

As a result, in today's valuation, the analysts are sticking with the growth and margin assumptions used in their previous assessment of Uber. That is, updating Uber's revenue base to $43.71 billion (2024 consensus revenue estimate) and updating the stock count to 2.154 billion shares. All other assumptions remain unchanged and relatively simple.

Based on the valuation model, Uber's fair value is approximately $105.50 per share, or currently undervalued by approximately 45%. In addition, given the sharp decline, Uber's long-term risk/reward has improved considerably. Given its 5-year expected compound annual growth rate is currently about 25.8% - well above our 15% investment threshold rate.



In a historically expensive stock market, Uber is now one of the few large tech stocks that offer amazing value!

https://preview.redd.it/1wyr2j2hpn7e1.jpg?width=1080&format=pjpg&auto=webp&s=94716206e12d6b22ee6b1f7abcb0115526bcf317

Uber is making every effort to become a reliable money-printing machine. Given Uber's fast-growing cash flow production and the shareholder-friendly capital allocation policies adopted by management, investors had plenty of margin of safety in this large tech stock.



Now, Uber stock is finally pulling back. Yes, Uber's image has been poor due to recent self-driving cab developments; however, Uber's business is in good shape with continued strong sales and profitability growth:

https://preview.redd.it/h06e8jinpn7e1.jpg?width=1080&format=pjpg&auto=webp&s=ba2cf41a6dc09ec5267d660fe0b4693a62526151

https://preview.redd.it/ccwno0wnpn7e1.jpg?width=1080&format=pjpg&auto=webp&s=1676674ce8d305141233ce95ef52777b6f836d65

In Q3 2024, Uber's total bookings increased 16% year-over-year to $40.97 billion, driven by healthy growth in MAPC \[up 13% year-over-year\] and MAPC usage frequency \[up 4% year-over-year\]. Additionally, Uber's cash conversion continued to improve at a rapid pace in Q3, with free cash flow increasing +133% year-over-year to $2.1 billion.

https://preview.redd.it/bmsuyee0qn7e1.jpg?width=1080&format=pjpg&auto=webp&s=d822979f73322203f554899b398941453619e7d9

From a technical perspective, Uber shares are above the 100-week moving average, which could be strong support. Additionally, the 200-week moving average is at $47. Given that Uber's weekly RSI is near oversold territory, the $47-$57 range is a strong buy zone for long-term investors.

",0.4549,
QuantumScape (QS) YOLO,24,1hh7hec,https://i.redd.it/lq9jvjxfcn7e1.jpeg,1734544870.0,6,"Added 3,000 shares of QS over the last 2 days. Why? Because it has QUANTUM in the name and I'm a regard.. But apparently I'm not the only one because volume is increasing. NFA - Watch me eat my shorts and GLTA.",0.4278,QS
QuantumScape (QS) YOLO,24,1hh7hec,https://i.redd.it/lq9jvjxfcn7e1.jpeg,1734544870.0,6,"Added 3,000 shares of QS over the last 2 days. Why? Because it has QUANTUM in the name and I'm a regard.. But apparently I'm not the only one because volume is increasing. NFA - Watch me eat my shorts and GLTA.",0.4278,YOLO
The Big Short 2 - The Even Blacker Swan,1314,1hgjsgd,https://www.reddit.com/r/wallstreetbets/comments/1hgjsgd/the_big_short_2_the_even_blacker_swan/,1734466757.0,468,"This community was close to perfect back in its heyday.  It was a den of degenerate high risk gamblers who adequately self-moderated their community with extreme toxicity.  If someone asked an innocent question, responses of hope you lose everything, that you will fuck their wife, or they are going to be sucking dick behind Wendy's for three fiddy a pop should always be appropriate behavior here.  Quite simply, If people cannot stomach this kind of toxicity, how would they be able to stomach the real world consequences of losing a couple million dollars in an hour, losing their house, or actually losing their spouse because of degenerate behavior.  Being inclusive or nice to people in this community actually makes the world a shittier place as it normalizes extremely high risk behavior that should not be for everyone.  I accordingly want to tell each of you to go fuck yourselves and I hope you can provide me with the level of toxicity that matches or exceeds this in return - I want your worst.       

I like Black Swan's and this post represents DD for such an investment.  Ultimately I am posting this here because I really want someone to prove my investment thesis wrong - PLEASE PROVE ME WRONG.  The math is so extremely simple that I am going to present my thesis mostly with meme's because I believe that the financial apocalypse should be something light hearted and filled with humor.  This is DD accordingly is for the collapse of the global financial system and if I am correct that will make 2 for 2 on calling black swans on wsb (so much better then Burry who has predicted 450 of the last 2 crashes).  Technically everything collapsed back in September 2019 and has been held together with tape and bits of string, but nobody really wants to identify the problem and I have no problem telling the truth so here we go.   

1)  Interest.  The Federal Reserve pays currently pays banks an annual interest rate of 4.65% on Bank Reserves.

https://preview.redd.it/6a48nsdepg7e1.png?width=640&format=png&auto=webp&s=50e42cb98758b46e68c1b39b11320cb9fc468f45

[Interest on Bank Reserves:  https:\/\/fred.stlouisfed.org\/series\/IORB](https://preview.redd.it/wsmq0j0ypg7e1.png?width=864&format=png&auto=webp&s=66c2f1ac84ec8f7f25e8ab92d87a301284fb1bf7)

2) Principal.  Banks currently have $3,211,700,000,000 ($3.2 Trillion) in Bank Reserves help with the Federal Reserve.  Bank Reserves only exists in such high amounts as a balancing entry for the Federal Reserve's Quantitative Easing (QE) programs - when people joke about the Federal Reserve printing money they are referencing the process of creating Bank Reserves out of thin air.  QE was used to support the recovery from the Global Financial Crisis, COVID, or simply when wall street was lazy and didn't want to work (the ""Taper Tantrum""); the Federal Reserve creates ""Bank Reserves"" to purchase ""toxic assets"" from Bank's to stimulate the economy. 

https://preview.redd.it/c1hxhdz6rg7e1.png?width=480&format=png&auto=webp&s=65cee78aaded5d909f15fc3d3591d17e9b04c7e4

[QuantitativeÂ Easing: https:\/\/fred.stlouisfed.org\/series\/WALCL](https://preview.redd.it/01viumwopg7e1.png?width=866&format=png&auto=webp&s=bdf35960810ea91f39f2feae96ecf74a61420289)

[Bank Reserves:  https:\/\/fred.stlouisfed.org\/series\/TOTRESNS](https://preview.redd.it/yqgwgi1rpg7e1.png?width=860&format=png&auto=webp&s=de6214d912c3e0239d5fb225aede9f4dea62e329)

3) The Federal Reserve is currently paying $149 Billion in interest on Bank Reserves (Interest rate in item 1 multiplied by the total deposits in item 2).  The Bank's dragged their feet and didn't absorb the toxic assets previously sold to the Federal Reserve back onto their balance sheets quick enough (these are truly garbage assets so why would you want to buy them back?).   When a rate hiking cycle was required to combat inflationary pressures, Central Banks around the world labelled inflation as ""transitory"" as hiking rates illuminates the massive problem with QE if it wasn't unwound.  It's a game of chicken right now, the Bank's are being rewarded by being paid interest on historical bailouts (they are keeping their mouths shut), the Central Banks (including the Fed) are insolvent and are hoping they can find a way out still (they are silent), and Governments are starting to collapse around the world.  

https://preview.redd.it/b8t984cipg7e1.png?width=601&format=png&auto=webp&s=62a957926f269e3d206cd1ce1ea5855547fd50cf

4) The financial system is being propped up with an hidden bailout.  The Bank's don't have enough liquidity to pull the toxic assets back onto their balance sheets or to repay the interest that rightfully belongs to taxpayers.  As the Bank's, Central Banks, and the Government's are all hiding this problem from the world, how can taxpayers support another bailout to an industry that refused to fix its own problems.  As per FDIC cumulative Trailing-Twelve-Month Net Income for the 4,517 commercial banks and savings institutions is $236.9 Billion and the majority of these earnings are attributed to interest paid by the fed.  This bailout (Fed Interest) isn't even fairly paid out (concentrated to the largest banks/prime brokerages) and we are about to enter a race to the bottom.  ""Are you there Jamie Dimon? It's Me, God""  

https://preview.redd.it/hzfx687jpg7e1.png?width=800&format=png&auto=webp&s=4e1e0496582dedbe5da814bd0629b22a51480d1f

[Theft from Taxpayers.   https:\/\/fred.stlouisfed.org\/series\/RESPPLLOPNWW](https://preview.redd.it/17umpivjpg7e1.png?width=1305&format=png&auto=webp&s=26e7a86f2faedccdd4d31973a337a6be7e5170c9)

",0.0,
â¬†ï¸,1845,1hghd5v,https://i.redd.it/batnf2hedg7e1.jpeg,1734460444.0,133,,0.0,
$12K loss on AMD,13,1hhbe1r,https://www.reddit.com/gallery/1hhbe1r,1734554969.0,8,Fuck JP,-0.3182,AMD
HOLY SHIT THANKS JPOWELL --> 37K WIN!,11,1hhbstv,https://www.reddit.com/r/wallstreetbets/comments/1hhbstv/holy_shit_thanks_jpowell_37k_win/,1734556004.0,2,"POWELL YOU BEAUTIFUL BEAR! THANK YOU!

Positions: 596 Poots

https://preview.redd.it/57aqroec9o7e1.png?width=346&format=png&auto=webp&s=f29d4d2e3e02515f7c2b6f9cedb59870260e0b48

  
",0.628,SHIT
HOLY SHIT THANKS JPOWELL --> 37K WIN!,11,1hhbstv,https://www.reddit.com/r/wallstreetbets/comments/1hhbstv/holy_shit_thanks_jpowell_37k_win/,1734556004.0,2,"POWELL YOU BEAUTIFUL BEAR! THANK YOU!

Positions: 596 Poots

https://preview.redd.it/57aqroec9o7e1.png?width=346&format=png&auto=webp&s=f29d4d2e3e02515f7c2b6f9cedb59870260e0b48

  
",0.628,WIN
HOLY SHIT THANKS JPOWELL --> 37K WIN!,11,1hhbstv,https://www.reddit.com/r/wallstreetbets/comments/1hhbstv/holy_shit_thanks_jpowell_37k_win/,1734556004.0,2,"POWELL YOU BEAUTIFUL BEAR! THANK YOU!

Positions: 596 Poots

https://preview.redd.it/57aqroec9o7e1.png?width=346&format=png&auto=webp&s=f29d4d2e3e02515f7c2b6f9cedb59870260e0b48

  
",0.628,HOLY
Why is APLD so under the radar?,26,1hh5op8,https://www.reddit.com/r/wallstreetbets/comments/1hh5op8/why_is_apld_so_under_the_radar/,1734540226.0,24,"A little while back NVDA announced a ~3% stake in Applied Digital (APLD) causing the stock to soar for a short while before dropping back under everyone's radar. I can't find anyone talking about it hardly anywhere, nor even on their own sub.

I think it's staggering considering they are company positioned right on the cusp of being massively influential in the data center space, and (according the sentiment from the institutions/analysts that I can find) will possibly report a positive EPS by 2026 or even 2025 if they have an above average year. 

As of yesterday they announced the energization of their new Ellendale facility with a capacity for 100MW  and are building a 400MW data center with rumored deals of a tenant that has a projected low end revenue of 1B a year for 10-15 years. 

Further, they have monopolized 18% of North Dakota's entire energy output with future deals and current facilities. North Dakota has the cheapest energy in the U.S. and many other data center companies have been scrambling to secure their own portion of the power production. 

In my opinionâ„¢, the upside on this stock far and away outweighs the potential loss with the average price target right now at ~$11.14 and the high target being $13+ from some analysts all the way up to $16 (although I think that's slightly unrealistic at this time)

The barrier to entry of this stock is low, the buy signaling is high, the price has resistance at ~$10 but I can't help but this this is going to pop off come next year. Call me crazy but that's what I see. 

What are yall's opinions? 

Postions: Calls $8 3/21/25 and 172 shares and counting
(NFA, do your DD)",0.0,APLD
best day ever finally up on the year. thank you daddy JPOW,12,1hhbuy7,https://www.reddit.com/gallery/1hhbuy7,1734556160.0,4,"UNH put winnings into various spy puts two hours before close.  
closed a few earlier missing out on 3-5k holding the rest now for tomorrow  
  
my fav is 590p at .48 now 7 and some change. very good christmas ",0.7717,JPOW
"10th red day streak for the Dow, first time since September 1974",11,1hhbosf,https://i.redd.it/yhubs69p8o7e1.jpeg,1734555718.0,4,,0.0,
I thought that gold never goes down? ,13,1hha6fq,https://i.redd.it/5h6ciyp2xn7e1.jpeg,1734551809.0,14,,0.0,I
Bloomberg: Office Real Estate Is Facing â€˜a Year of Reckoningâ€™ in 2025,21,1hh6bee,https://www.reddit.com/r/wallstreetbets/comments/1hh6bee/bloomberg_office_real_estate_is_facing_a_year_of/,1734541854.0,11,"""In the dark days of 2022, when rising interest rates turned commercial real estate into a credit desert, the industryâ€™s perpetual optimists found a rallying cry. Just survive until â€™25, they told themselves. By then, inflation would be whipped, money would be cheaper, and demand would again tilt in their favor. But the wished-for salvation was wishful thinking. Borrowing costs remain stubbornly high, and lenders are running low on patience. As the new year approaches, the industry is bracing for the losses itâ€™s been putting off. â€œI look at 2025 as a year of reckoning,â€ says Tim Mooney, head of real estate at VÃ¤rde Partners, which invests in property debt. â€œLenders and borrowers will acknowledge that lower interest rates arenâ€™t going to save them.â€

[Bloomberg Article](https://www.bloomberg.com/news/features/2024-12-18/commercial-real-estate-can-no-longer-ignore-its-problems)",0.0,
Big Profits,10,1hhbbsk,https://i.redd.it/j3v6w7nz5o7e1.jpeg,1734554807.0,2,You could say im sort of a professional. ,0.4404,
Can someone explain what happened with stock market today? ,9,1hhc12m,https://www.reddit.com/r/wallstreetbets/comments/1hhc12m/can_someone_explain_what_happened_with_stock/,1734556601.0,13,"Is this about 0.25% rate cut? or 1st case of bird flew.

  
Please ELI5, we are regarded",0.0,
Gains on SPY from the unexpected god candle yesterday. Bought 800 calls at .25 sold at .50,21,1hh4vyf,https://i.redd.it/bgt4fulbsm7e1.png,1734538103.0,6,,0.5423,SPY
Today's Economic Calendar - Dec 18.  Fed Interest Rates Decision at 2pm EST.,34,1hh1rru,https://i.redd.it/fk08gj4m1m7e1.png,1734529132.0,9,,0.4588,EST
The Wallstreetbets way,7521,1hg6r2j,https://v.redd.it/8h4pk3tujd7e1,1734426434.0,156,,0.0,
LUCID elucidation,18,1hh5xyz,https://i.redd.it/5lopzp9n0n7e1.jpeg,1734540903.0,17,"lucidâ€™s financials are a mess. in q3 2023, they lost  $430,000 per car sold and they delivered 2,781 vehicles, far below expectations.  revenue was $200 million, and net losses soared to nearly $992 million.  even with $5.16 billion in saudi money theyâ€™re toast.

PUTS 2.50 12/27 x650

",0.0,LUCID
I thought Nana had my back!,8,1hhbsrt,https://i.redd.it/iqewsodj9o7e1.jpeg,1734556000.0,6,"My bother in law said, ""Intel is going nowhere, all our computers use it...."" ",0.0,I
SOUN Gains,11,1hh92lv,https://www.reddit.com/r/wallstreetbets/comments/1hh92lv/soun_gains/,1734548946.0,14,"SOUN is a great stock to keep trading!

Always gives some good opportunities

https://preview.redd.it/rfzbg4gjon7e1.png?width=762&format=png&auto=webp&s=09532ca969edd54f7857c1047826182258bdbf3d

",0.34,SOUN
Nvda gain,14,1hh6ho4,https://www.reddit.com/gallery/1hh6ho4,1734542294.0,2,,0.5267,
Sometimes it pays to be a BearðŸ“‰,8,1hhazhf,https://www.reddit.com/gallery/1hhazhf,1734553907.0,4,,0.0,
QC stocks ðŸš€ðŸŒ•?,10,1hh8t87,https://i.redd.it/9470zc7nmn7e1.jpeg,1734548303.0,10,"Things are looking quite nice for this sector at the moment. FOMO and HYPE driving the courses up. QC announcing deals with NASA. 

Short interest is relatively high (16,88% of the float as per 30th November) and may drive the course even more upwards if the shorts are to cover their positions. 

Thoughts?",0.0,QC
NVDA Gains,13,1hh5w9z,https://www.reddit.com/gallery/1hh5w9z,1734540780.0,5,"Was a yolo from yesterday I was planning on selling before the market closed, but I got distracted and missed the bell. Pretty happy I did. So close to being back to even all time. 

It wasnâ€™t my only NVDA gain yesterday either (earlier one is the last picture), but I got some FOMO and decided to hop back in. Probably going to switch back to a cash account soon though, so that I can get some interest and have some sort of governor on my degenerate gambling self trying to day trade. ",0.34,NVDA
Half a milly - $TSLA,12,1hh6zc9,https://i.redd.it/kn0ylvep5n7e1.png,1734543580.0,18,,0.0,$TSLA
"Calls for 50k on SOFI. 10 mio customers reached, short interest decreasing, financial service and galileo will print.",8,1hh8ybd,https://i.redd.it/mcnq5j20nn7e1.png,1734548650.0,8,,0.5267,SOFI
My friend told me to sell Quantum Computing covered calls to make extra money ðŸ¥²,288,1hgo0vw,https://www.reddit.com/gallery/1hgo0vw,1734478190.0,162,Never again! ,0.4939,
Amazing run! $SOUN,6,1hhaqz2,https://www.reddit.com/gallery/1hhaqz2,1734553283.0,1,"it touched highs of $24! This market is nuts. I love it. Bulls will be bulls. I really like this company but it needs better grounding. Will continue trading this until the music stops 
Cheers everyone ðŸ¾",0.6239,$SOUN
It's small but it's mine.,5,1hhbt2c,https://i.redd.it/3c5sp5rl9o7e1.jpeg,1734556022.0,5,Holding the remaining for tomorrow.,0.0,
NVMI YOLO ðŸš€ðŸš€,12,1hh4utx,https://i.redd.it/qt3gwbw0sm7e1.jpeg,1734538024.0,5,,0.4278,YOLO
NVMI YOLO ðŸš€ðŸš€,12,1hh4utx,https://i.redd.it/qt3gwbw0sm7e1.jpeg,1734538024.0,5,,0.4278,NVMI
"Stock market today: Dow, S&P, Nasdaq slide as Fed cuts rates, signals 2 more reductions in 2025",5,1hhbdmq,https://finance.yahoo.com/news/live/stock-market-today-dow-sp-nasdaq-slide-as-fed-cuts-rates-signals-2-more-reductions-in-2025-191319785.html,1734554940.0,1,,-0.296,S
"Stock market today: Dow, S&P, Nasdaq slide as Fed cuts rates, signals 2 more reductions in 2025",5,1hhbdmq,https://finance.yahoo.com/news/live/stock-market-today-dow-sp-nasdaq-slide-as-fed-cuts-rates-signals-2-more-reductions-in-2025-191319785.html,1734554940.0,1,,-0.296,P
Low 3 month forward implied correlation has predicted sharp corrections.,6,1hh9sf5,https://i.redd.it/gx08erxiin7e1.jpeg,1734550811.0,12,,-0.2732,
GOOG vs TSLA: Money Spinner vs Monkeys,149,1hgrac8,https://www.reddit.com/r/wallstreetbets/comments/1hgrac8/goog_vs_tsla_money_spinner_vs_monkeys/,1734488000.0,90,"Listen up, you smooth-brained, tendie-chasing, wifeâ€™s-boyfriend simping fucks. If youâ€™re ignoring GOOG and still long TSLA, you deserve the ~~portfolio~~ big red dildo that you have.ðŸš€

**GOOG - like a wife on a Wednesday, sheâ€™s not going down.**

Alphabet isnâ€™t just Google anymoreâ€”itâ€™s the tech overlord running your life, your ads, and the YouTube rabbit holes you waste your life in.

1. While you drool over ChatGPT, Googleâ€™s Gemini is out here printing real money while your wife drives away with â€œTim from financeâ€.

2. YouTube = Tendies from all ages: Itâ€™s monetizing both the Boomers and Gen Z eyeballs milking them for every cent.

3. Cloud Revenue ðŸš€ : Google Cloud is up **30%** YoY. Theyâ€™re catching up to AWS and Azure like a freight train and THERE IS NO SAFE WORD!

4. Weymo, Tokyo, up-go, yâ€™know?

5. Itâ€™s Not Even Overpriced (Yet): PE ~26. If youâ€™re still crying that â€œBig Tech is expensive,â€ literally just shut the fuck up.

GOOG is a low-risk, high-reward tendie train for monkÃ©s who want to stop seeing ~~RED~~ their wife getting trained on the weekends.

**TSLA - The big-Brain Hedge You are still too Dumb to Consider**

Tesla is the most overvalued clown car on the market. It looks like shit, itâ€™s priced like shit and the groupies make it sound like Musk just invented teleportation, cured baldness, and colonized Mars simultaneously. **Spoiler Alert! >!He didnâ€™t!<.**

1. When the Market loses hype momentum, TSLA Gets Nuked â˜ ï¸ . Overvalued growth names like Tesla get slapped like a hookers cheeks behind Wendyâ€™s, especially if JPow pulls the wrong face.

2. Buying OTM put spreads is a small cost to hedge your brainless GOOG upside. If TSLA drops 20%, youâ€™re eating so many tendies youâ€™ll need a stairmaster to get to bed.

**TLDR** **GOOG Calls** Buy it, hold it, shut up. Itâ€™s free money. **TSLA Put Spreads** Buy a cheap put spread. If the market slips, TSLA dumps, and you get paid.

If the market moons, GOOG wins. If the market dies, TSLA pays for your next YOLO. Either way, youâ€™re not left high and dry like the rest of the regards here.

Donâ€™t fumble this you fucking idiot.
â€œNot financial advice I am just a monkÃ©.â€

**GOOG** [Positions](https://imgur.com/a/DGufmC1):
>!.
$2.11 (+70%)             197.5  27DEC24
$1.35 (+25%)    200/207.5 27DEC24
$2.79 (+59.5%)           200 10JAN25 
$2.40 (-21.2%)     210/240 10JAN25 
$1.52 (+420%)      195/210 21FEB25
$9.45 (+210.5%)           175 17APR25
$1.80 (+375%).     210/235 20JUN25!<

**TSLA** [Positions](https://imgur.com/a/AJL67B2):
>!
*$2.59 (-25%)     375/360 03JAN25
$0.46x2 (-70%)     340/335 10JAN25
$6.33 (-66%)         340/370 21Feb25!<
 ",0.0,GOOG
GOOG vs TSLA: Money Spinner vs Monkeys,149,1hgrac8,https://www.reddit.com/r/wallstreetbets/comments/1hgrac8/goog_vs_tsla_money_spinner_vs_monkeys/,1734488000.0,90,"Listen up, you smooth-brained, tendie-chasing, wifeâ€™s-boyfriend simping fucks. If youâ€™re ignoring GOOG and still long TSLA, you deserve the ~~portfolio~~ big red dildo that you have.ðŸš€

**GOOG - like a wife on a Wednesday, sheâ€™s not going down.**

Alphabet isnâ€™t just Google anymoreâ€”itâ€™s the tech overlord running your life, your ads, and the YouTube rabbit holes you waste your life in.

1. While you drool over ChatGPT, Googleâ€™s Gemini is out here printing real money while your wife drives away with â€œTim from financeâ€.

2. YouTube = Tendies from all ages: Itâ€™s monetizing both the Boomers and Gen Z eyeballs milking them for every cent.

3. Cloud Revenue ðŸš€ : Google Cloud is up **30%** YoY. Theyâ€™re catching up to AWS and Azure like a freight train and THERE IS NO SAFE WORD!

4. Weymo, Tokyo, up-go, yâ€™know?

5. Itâ€™s Not Even Overpriced (Yet): PE ~26. If youâ€™re still crying that â€œBig Tech is expensive,â€ literally just shut the fuck up.

GOOG is a low-risk, high-reward tendie train for monkÃ©s who want to stop seeing ~~RED~~ their wife getting trained on the weekends.

**TSLA - The big-Brain Hedge You are still too Dumb to Consider**

Tesla is the most overvalued clown car on the market. It looks like shit, itâ€™s priced like shit and the groupies make it sound like Musk just invented teleportation, cured baldness, and colonized Mars simultaneously. **Spoiler Alert! >!He didnâ€™t!<.**

1. When the Market loses hype momentum, TSLA Gets Nuked â˜ ï¸ . Overvalued growth names like Tesla get slapped like a hookers cheeks behind Wendyâ€™s, especially if JPow pulls the wrong face.

2. Buying OTM put spreads is a small cost to hedge your brainless GOOG upside. If TSLA drops 20%, youâ€™re eating so many tendies youâ€™ll need a stairmaster to get to bed.

**TLDR** **GOOG Calls** Buy it, hold it, shut up. Itâ€™s free money. **TSLA Put Spreads** Buy a cheap put spread. If the market slips, TSLA dumps, and you get paid.

If the market moons, GOOG wins. If the market dies, TSLA pays for your next YOLO. Either way, youâ€™re not left high and dry like the rest of the regards here.

Donâ€™t fumble this you fucking idiot.
â€œNot financial advice I am just a monkÃ©.â€

**GOOG** [Positions](https://imgur.com/a/DGufmC1):
>!.
$2.11 (+70%)             197.5  27DEC24
$1.35 (+25%)    200/207.5 27DEC24
$2.79 (+59.5%)           200 10JAN25 
$2.40 (-21.2%)     210/240 10JAN25 
$1.52 (+420%)      195/210 21FEB25
$9.45 (+210.5%)           175 17APR25
$1.80 (+375%).     210/235 20JUN25!<

**TSLA** [Positions](https://imgur.com/a/AJL67B2):
>!
*$2.59 (-25%)     375/360 03JAN25
$0.46x2 (-70%)     340/335 10JAN25
$6.33 (-66%)         340/370 21Feb25!<
 ",0.0,TSLA
SOUN and ACHR Wait or close?,10,1hh4lba,https://www.reddit.com/r/wallstreetbets/comments/1hh4lba/soun_and_achr_wait_or_close/,1734537326.0,18,"Fascinated by SOUN and ACHR!

Have bought call options on both stocks several times already

Should I wait for the exercise date or just close the position

https://preview.redd.it/ebvbk4hxpm7e1.png?width=762&format=png&auto=webp&s=e6830f53923763bf7ebaa629e3552d3112d621cb

https://preview.redd.it/fbndtn0ypm7e1.png?width=762&format=png&auto=webp&s=b067177a9ae813542c059cebe3b0f49bd3025f0f

https://preview.redd.it/dn30bllypm7e1.png?width=762&format=png&auto=webp&s=1a36700e88926705fc812350f64fdcb3c22b656d

https://preview.redd.it/78nlvfbzpm7e1.png?width=762&format=png&auto=webp&s=0801dbba41dad76e785e7847efd1da90435a16cf

",0.0,ACHR
SOUN and ACHR Wait or close?,10,1hh4lba,https://www.reddit.com/r/wallstreetbets/comments/1hh4lba/soun_and_achr_wait_or_close/,1734537326.0,18,"Fascinated by SOUN and ACHR!

Have bought call options on both stocks several times already

Should I wait for the exercise date or just close the position

https://preview.redd.it/ebvbk4hxpm7e1.png?width=762&format=png&auto=webp&s=e6830f53923763bf7ebaa629e3552d3112d621cb

https://preview.redd.it/fbndtn0ypm7e1.png?width=762&format=png&auto=webp&s=b067177a9ae813542c059cebe3b0f49bd3025f0f

https://preview.redd.it/dn30bllypm7e1.png?width=762&format=png&auto=webp&s=1a36700e88926705fc812350f64fdcb3c22b656d

https://preview.redd.it/78nlvfbzpm7e1.png?width=762&format=png&auto=webp&s=0801dbba41dad76e785e7847efd1da90435a16cf

",0.0,SOUN
YOLO S&P,4,1hhc3q3,https://i.redd.it/rt3io8bxbo7e1.jpeg,1734556803.0,1,$500 to $1500 in a hour. ,0.2732,S
YOLO S&P,4,1hhc3q3,https://i.redd.it/rt3io8bxbo7e1.jpeg,1734556803.0,1,$500 to $1500 in a hour. ,0.2732,P
YOLO S&P,4,1hhc3q3,https://i.redd.it/rt3io8bxbo7e1.jpeg,1734556803.0,1,$500 to $1500 in a hour. ,0.2732,YOLO
All my positions DEAD,4,1hhc3iv,https://i.redd.it/jymy8kbvbo7e1.jpeg,1734556787.0,2,,-0.7213,DEAD
So far so good. NVDA ,10,1hh5r75,https://www.reddit.com/gallery/1hh5r75,1734540413.0,1,"Iâ€™ll hold till 2025. Thank you mr leather jacket, I think Iâ€™m back to being the man of the house now! ",0.6213,NVDA
"Honda, Nissan to Start Talks on Possible Merger ",603,1hgfwqm,https://www.bloomberg.com/news/articles/2024-12-17/japan-s-honda-nissan-to-start-talks-on-possible-merger-nikkei,1734456695.0,179,"> Honda Motor Co. and Nissan Motor Co. are preparing to start negotiations on a possible merger, which could ultimately be expanded to include Mitsubishi Motors Co., Japanâ€™s Nikkei reported Tuesday.

> The two major Japanese carmakers plan to sign a memorandum of understanding to discuss shared equity stakes in a new holding company under which the combined company would operate, the Nikkei said, without citing sources. The merger would be designed to help the companies compete against rivals in electric vehicles such as Tesla Inc. and Chinese automakers. ",0.0,
"After the little bloodbath today, DCA on VIX puts? ",4,1hhb6qh,https://www.reddit.com/r/wallstreetbets/comments/1hhb6qh/after_the_little_bloodbath_today_dca_on_vix_puts/,1734554445.0,2,"I know I will, especially after my 900% unrealised loss on my 1DTE broken wing. 

Plan is to buy more VIX puts with every 10pt increase. Sounds right, logically speaking. ",0.0,DCA
"After the little bloodbath today, DCA on VIX puts? ",4,1hhb6qh,https://www.reddit.com/r/wallstreetbets/comments/1hhb6qh/after_the_little_bloodbath_today_dca_on_vix_puts/,1734554445.0,2,"I know I will, especially after my 900% unrealised loss on my 1DTE broken wing. 

Plan is to buy more VIX puts with every 10pt increase. Sounds right, logically speaking. ",0.0,VIX
UNH is fighting for itâ€™s life in the trenches,3,1hhc5a8,https://i.redd.it/m4pjib99co7e1.jpeg,1734556916.0,1,,-0.3612,UNH
Why everything I see is red? ,3,1hhc39j,https://www.reddit.com/r/wallstreetbets/comments/1hhc39j/why_everything_i_see_is_red/,1734556766.0,2,"Oh my lord, what happened?

Jerome Powell did it again... ",0.0,I
ðŸŒˆðŸ¯TSLA,29,1hgxcbj,https://i.redd.it/8olu7v22jk7e1.jpeg,1734510774.0,27,Not really a yolo tho.,0.0,TSLA
TSLS & TSLQ to Mars,10,1hh3n7l,https://www.reddit.com/gallery/1hh3n7l,1734534700.0,4,"15k bet on a 25k account. I'll add my last 10k to my position if TSLA reaches 515$ a share
No options because I can't possibly time this nonsense
 
(Im buying weekly calls as an edge) ",0.0,TSLQ
TSLS & TSLQ to Mars,10,1hh3n7l,https://www.reddit.com/gallery/1hh3n7l,1734534700.0,4,"15k bet on a 25k account. I'll add my last 10k to my position if TSLA reaches 515$ a share
No options because I can't possibly time this nonsense
 
(Im buying weekly calls as an edge) ",0.0,TSLS
Dow Jones Industrial Average has its first 9-day selloff since 1978,290,1hgiis6,https://www.cnbc.com/2024/12/16/stock-market-today-live-updates.html,1734463432.0,57,,0.0,
$138K in one week - $TSLA,331,1hghkuo,https://www.reddit.com/gallery/1hghkuo,1734460999.0,37,"
I know I keep posting everyday, but got lucky again. Another $50k gain on TSLA today. This position was down $30k+ at one point today, the stress is fr not worth it. Feel free to look at my history for other plays I made. Letting everything settle then going 100% SPY. This ðŸš€ prob has more steam but Iâ€™m outtie cheers and good luck everyone",0.0,$TSLA
UNH Jan 2026 Calls for 50% return ,5,1hh4yv6,https://www.reddit.com/r/wallstreetbets/comments/1hh4yv6/unh_jan_2026_calls_for_50_return/,1734538326.0,24,"Yes the guy was killed, not a great look, but you're telling me the underlying business is suddenly worth 20% less and they didn't have insurance or a sucesssion plan in place?

Jan 2026 500 calls are selling for 73, assuming the assassination warranted a 5% drop in price that still leaves a target price of around 590/share. Assuming it gets there by mid year (could be much faster) it should be a solid 30-60% return.

Positions

3 Jan 2026 500c at 72.4 each",0.0,UNH
Thanks God ðŸ˜‡ feeling blessed ,123,1hgobnh,https://i.redd.it/wjk2p7urwh7e1.jpeg,1734479065.0,22,,0.9081,
No rate cut yolo,8,1hh2j69,https://i.redd.it/kxi3gp3l8m7e1.jpeg,1734531466.0,47,,0.1813,
$TGT seems to be insanely good value right now,6,1hh5u1s,https://www.reddit.com/r/wallstreetbets/comments/1hh5u1s/tgt_seems_to_be_insanely_good_value_right_now/,1734540615.0,16,"Re-posting with position as previous post was deleted. 

With everything crushing all-time-highs, I've been looking for a stock to buy some 3 month calls on, and settled on Target. Here is why I made the decision:

**Expert's Analysis** - People that know way more than me have an average target price at $160.57 at MarketBeat.
Recent drop creating value: Target missed EPS by 19.56% in November, causing the stock to drop over 20% - from 156 to 121. It has since rallied slightly, but still only has a P/E ratio of 14.27 which is well below Walmart's 38.92.

**Brand Strength** - Target has a strong brand identity with loyal customer demographics, particularly among millennials and suburban families a/k/a white girls love target.

**Dividend History** - Target has a strong history of dividend payouts. The stock is listed as a ""dividend king"" which is given to companies that have increased their dividend each year for at least the past 51 years. This means that it's not just the degens buying the stock up.

**Holiday Season Outperforming Expectations** - Since buying, a recent article just said the following: ""Evercore ISI initiated a positive tactical trade call on Target (TGT) and adding the stock to the firmâ€™s â€œTactical Outperformâ€ list, reflecting rising shopping intentions for holiday from the firmâ€™s latest survey as well as a positive inflection of web traffic from a negative low single digit trend to a positive mid-teen increase in December-to-date.""

**Soft Landing** - There was a lot of financial uncertainty in 2024. But, it looks like we're pulling off a soft landing so people are becoming less worried about spending which means people will flock back to Target as a ""not expensive but slightly more expensive/nicer than Walmart"" brand. 

This is not financial advice, just my opinion based on what the experts are saying. 

Here is the position:

**Position:** https://imgur.com/a/oGBYFiB.  I thought it was good value when I bought it which means it's even better value right now. My position spiked up to being even earlier when the stock jumped to 3%, but, I held as I think it has room to run over the next few weeks.",0.6486,$TGT
NVDA itâ€™s Xmas LFG,2227,1hg5ohj,https://i.redd.it/hepbo8nh5d7e1.jpeg,1734421463.0,200,Youâ€™re getting left behind bro,0.0,LFG
NVDA itâ€™s Xmas LFG,2227,1hg5ohj,https://i.redd.it/hepbo8nh5d7e1.jpeg,1734421463.0,200,Youâ€™re getting left behind bro,0.0,NVDA
Thanks Powell,2,1hhc5jj,https://i.redd.it/adv868maco7e1.gif,1734556934.0,1,,0.4404,
Carvana 2DTE Puts pre-Fed Rate call,2,1hhc38k,https://i.redd.it/e0tm5x4tbo7e1.jpeg,1734556764.0,1,"My first options success with a 9x gain buying CVNA Puts just before the Fed rate call. I still have some Jan 3 puts at 240 strike, so hoping for a few more red days ðŸ‘¹. 

This was a bit of an experiment for me as I don't usually do options, so didn't have much riding on it. Bit of a Christmas bonus.



",0.0,
Short Nvidia for 350% Daily gains,2,1hhc2od,https://i.redd.it/25v3izgobo7e1.jpeg,1734556720.0,1,,0.34,
Bad time to become a Dominos pizza fan?  ,2,1hhc1w5,https://www.reddit.com/gallery/1hhc1w5,1734556662.0,2,"Hate their pizza but I do see value in the companyâ€™s growth as almost a Consumer Staple as opposed to discretionary. Dominos isnâ€™t going anywhere - Iâ€™m 
 just betting it goes somewhere by next quarter.

Anyway, not sure that my analysis was off rather than the markets just dumping. Could be both, guess weâ€™ll find outâ€¦ Holding strong on these but definitely expecting a bumpy short term road. 

Anyone else as Bullish DPZ as me? And are others averaging into the market right now or is everyone dumping everything and runningâ€¦ 

and does everyone elseâ€™s portfolio look something like mine today? And if not, are you the one selling me my dominos calls? ",-0.296,
Nissan shares surge 24% after media reports on potential mega merger with Honda,32,1hgv0xg,https://www.reddit.com/r/wallstreetbets/comments/1hgv0xg/nissan_shares_surge_24_after_media_reports_on/,1734500814.0,26,"I am curious, should I buy some options for one of these two. But that appears to be gamblingâ€¦

https://www.cnbc.com/2024/12/18/honda-nissan-merger-talks-nikkei-reports.html

Disclaimer: I have no positions in neither of these two. I used to have some NIO options, but I have sold them.",0.296,
Sell or Hold?!ðŸ¥¹,24,1hgwf89,https://i.redd.it/8nzusyji6k7e1.jpeg,1734506556.0,21,,0.0,
"What Are Your Moves Tomorrow, December 18, 2024",159,1hgkmy8,https://www.reddit.com/r/wallstreetbets/comments/1hgkmy8/what_are_your_moves_tomorrow_december_18_2024/,1734469034.0,6329,This post contains content not supported on old Reddit. [Click here to view the full post](https://sh.reddit.com/r/wallstreetbets/comments/1hgkmy8),0.0,
AVGO 8kâ€”>64k,115,1hgmplm,https://i.redd.it/xzbr0nxfjh7e1.jpeg,1734474583.0,9,"Iâ€™m a regard that likes to chew blue crayons.

Re-entered AVGO on Monday with my Friday AVGO gains (see previous post) when I saw it was going full shrek dick. 
Timed the top almost perfectly, at 2:59pm sold everything at 250$ for a cool 64k. 
",0.0,AVGO
MU Yolo. ðŸŸ ,53,1hgr88w,https://i.redd.it/k0uy7c7smi7e1.jpeg,1734487813.0,40,,0.2732,MU
AMZN Strike,4,1hh2gns,https://www.reddit.com/r/wallstreetbets/comments/1hh2gns/amzn_strike/,1734531255.0,16,"https://youtu.be/AI1kjUKL11Q?si=EACHBK1hFyK_4Qld

I mean it's just New York... but how's it gonna play in the long run? What would a completly unionized Amazon look like? ",-0.128,AMZN
"I've never seen such bullshit in my 3 weeks of trading. JPOW said ""US economy is well - effectively""!",1,1hhc65e,https://i.redd.it/aamraifaco7e1.png,1734556979.0,0,,0.8108,US
"I've never seen such bullshit in my 3 weeks of trading. JPOW said ""US economy is well - effectively""!",1,1hhc65e,https://i.redd.it/aamraifaco7e1.png,1734556979.0,0,,0.8108,I
"I've never seen such bullshit in my 3 weeks of trading. JPOW said ""US economy is well - effectively""!",1,1hhc65e,https://i.redd.it/aamraifaco7e1.png,1734556979.0,0,,0.8108,JPOW
JPow is really sending me a message.,1,1hhc63g,https://i.redd.it/2s9gvlufco7e1.jpeg,1734556976.0,0,Fucking today man.,0.0,
HOOKOORAHHHHHHH (I shorted UNH),1,1hhc5xx,https://i.redd.it/9t86lqjeco7e1.jpeg,1734556964.0,1,,0.0,I
HOOKOORAHHHHHHH (I shorted UNH),1,1hhc5xx,https://i.redd.it/9t86lqjeco7e1.jpeg,1734556964.0,1,,0.0,UNH
